{
  "joint_rmse": 0.01611287574599517,
  "per_joint_rmse": [
    0.008149117046300556,
    0.012635615434441185,
    0.02413102358603125,
    0.009679710974495605,
    0.013435657895677189,
    0.024911872730288474,
    0.008126462853948198,
    0.014391295842105833,
    0.02880567309445521,
    0.008909595171061241,
    0.012366341086773041,
    0.027812143236364287
  ],
  "velocity_correlation": 0.9996502699360863,
  "trajectory_dtw": 0.025893030011687912,
  "n_pairs": 3,
  "mean_shared_steps": 1024.0,
  "mean_shared_joints": 12.0
}