{
  "joint_rmse": 0.08580295050056011,
  "per_joint_rmse": [
    0.05838905106684507,
    0.07688754118364284,
    0.10863538996226509,
    0.03792146762012438,
    0.07287073498654896,
    0.07891828901807872,
    0.056228254162424544,
    0.1466683108188357,
    0.17147446023235383,
    0.03406609427745793,
    0.07333733429281591,
    0.1142384783853284
  ],
  "velocity_correlation": 0.9109612964569525,
  "trajectory_dtw": 0.14357528287191154,
  "n_pairs": 15,
  "mean_shared_steps": 56.0,
  "mean_shared_joints": 12.0
}